title,score,url,num_comments,author,created_utc,text
BANNED POSTS,85,https://www.reddit.com/r/MelbourneTrains/comments/15l9aps/banned_posts/,28,SpicyMemes0903,1691474568.0,"It has been decided that a couple of Topics/Types of posts will banned from today.


Screenshots of Metro Notify/PTV or simply repeating what those channels have said in your post. Does not constitute reasonable discussion and will be removed.

If this is something enough of you are interested a Daily thread could be set up where you will be allowed to talk about it.

Posts complaining or pointing out broken HTML Images on certain HCMT Sets. We get it. Posts like this will be removed. 

Thanks"
Discord server,36,https://www.reddit.com/r/MelbourneTrains/comments/14f7q6c/discord_server/,1,MooshGuy,1687353971.0,"Hey all, if you‚Äôve ever been interested in a discord for the subreddit you can access it through this link here! 

https://discord.gg/m8Bw5JYzHZ


(Also, how are we already at 13k members!? We‚Äôve gotten around 1.5k in a week!)"
How do use trams?,18,https://www.reddit.com/r/MelbourneTrains/comments/1kyt37a/how_do_use_trams/,22,Away_Ad3169,1748571966.0,"I know this might be a silly question but how do you actually use Melbourne trams? I‚Äôm not from the city and I have no idea on how to use them and I‚Äôm confused about the different zones.

And I have to make a trip soon that requires to go to the Darebin Community Sports Stadium and I have to take Tram 86 from 40-Mansfield St/ High St but I‚Äôm unsure about how trams work. "
Another Puffing Billy item,8,https://i.redd.it/04eg8wcn4v3f1.png,1,Melb_Tom,1748586246.0,This early Puffing Billy advertising posted was amongst my Dad's things though my uncle insisted that it was his. 
End of the line,137,https://i.redd.it/0tznw62bdq3f1.jpeg,26,immortal_bandicoot,1748528621.0,
Retrofitted info board with new solar panel and e-ink screen,5,https://www.reddit.com/gallery/1kyxd2a,2,altandthrowitaway,1748586875.0,"Not sure if this has been posted before, but I found this need setup near Austin Hospital. Idk how long it's been there, but hopefully it's a sign that these are being rolled out more frequently "
"Preston, today",3,https://v.redd.it/livstdg57v3f1,0,Fantastic-Net9381,1748587102.0,"Bob Jane T Mart, Murray Rd/ High Street "
SSR transferring 14 retired V/Line carriages off to Bendigo tonight,46,https://i.redd.it/xfwyo6nbzp3f1.jpeg,8,wongm,1748523949.0,Rumour is they're off to Journey Beyond Rail for a new life on The Overland.
Steamrail's R711 getting a lift in Geelong,80,https://i.redd.it/rvlz2yc9to3f1.jpeg,5,zzyzuqua,1748509943.0,"R711 that broke down in Geelong a week or so ago, getting hoisted to fit a replacement bogey. Back to Newport tomorrow apparently. "
H... What on earth,59,https://www.reddit.com/r/MelbourneTrains/comments/1ky7ayx/h_what_on_earth/,11,ApprehensiveAide7868,1748514251.0,"All lego models I made

https://preview.redd.it/xmux4x6k6p3f1.png?width=2560&format=png&auto=webp&s=59beb486a06967f74fc4ae7e96670a988bd19a11

"
New card readers rolling out on the Upfield line,138,https://i.redd.it/fmwagutisn3f1.png,52,djrobstep,1748497673.0,"Brunswick and Anstey getting new card readers.

It's such a sad waste that we are sending a billion dollars overseas to put in a new ticketing system, which amounts to a regressive tax on public transport, instead of spending that money on improved services (such as a turnback further up the line), and then raising the same amount as the foregone ticket revenue via regular taxation instead (which would be much more progressive, have much lower admin costs, and not slow down boarding/make people miss trains)."
Is Flinders Street Station safe at night?,16,https://www.reddit.com/r/MelbourneTrains/comments/1kye40p/is_flinders_street_station_safe_at_night/,21,wiserthanyouu,1748533476.0,"I'm travelling to the city soon and getting off at Flinders Street, arriving around 10pm. This is the first time I've travelled a long distance alone and I'm curious to know how safe the station is at nighttime? I have a friend meeting me there but I'm worried about possible dangers. Any help and advice would be appreciated "
Bendigo to Ballarat via Maryborough Route Idea,19,https://www.reddit.com/gallery/1kybfuu,6,Jezza262,1748526983.0,"I know there's some interest in connecting regional centres via rail (Geelong, Ballarat, Bendigo) and typically many depict the Bendigo to Ballarat through Castlemaine and Maryborough. However, I don't like the idea of rail traversing between the latter towns.

Instead, what if the line from Maryborough followed the ""freight"" path up to Dunnolly/Tarnagulla and traversed across from Newbridge towards the suburb of Marong in Bendigo and connected into the existing Bendigo line at Eaglehawk. With a potential addition of a new station close to the ""newish"" suburb of Maiden Gully.

Although it may be more costly for construction, infrastructure and passenger duration time. I believe the connection to Maryborough could promote the town more (and neighbouring towns along the line).

Marong is highlighted as a potential future employment hub, and it'd be good to develop some rail infrastructure for any potential residential boom. It'd also save time and hassle for those living on the west outskirts of Bendigo to travel to a closeby station for Melbourne travelling.

Note: I haven't really considered any junction/grade separation needed or rail corridors obstructions/complications and yes, I'm aware of the freight rail difference. I'm afraid I didn't do ""Department of Transport"" levels of modelling.

Thought I'd share. Thank you for reading.

"
Few Film Photos,72,https://www.reddit.com/gallery/1ky25s9,3,SluggaNaught,1748493944.0,"Photos of trains at Preston and Brunswick, Diamond Valley Railway and a tram on Sydney Road. 

  
Shot on a Pentax P30 with a 35mm lens and FujiFilm C200. "
Geelong Improvements,16,https://www.reddit.com/r/MelbourneTrains/comments/1ky7jas/geelong_improvements/,21,Graceful_Parasol,1748515127.0,"I know this sub is called 'MelbourneTrains', but would it possible within the next decade or so to see an expansion in Geelong. With recent forecasts of a growing city, will we ever see improved public transport with new lines and electrification?"
"If you were given 100 Billion dollars and unlimited resources to get Melbournes Metro/rail system back on track, what projects would you do?",43,https://www.reddit.com/r/MelbourneTrains/comments/1ky1rka/if_you_were_given_100_billion_dollars_and/,75,Top-Secret-7343,1748492529.0,Just curious to see what people say and why. 
"Is there a website that has all of the metro trains melbourne signs, symbols and fonts?",4,https://www.reddit.com/r/MelbourneTrains/comments/1ky8lkj/is_there_a_website_that_has_all_of_the_metro/,3,CharmingDrag737,1748518798.0,Does anyone know if there is something like it? Like the Apple Devoloper Resources website?
Early Narrow Gauge,26,https://i.redd.it/3fs0y4kj6m3f1.jpeg,4,Melb_Tom,1748477917.0,"I think this is issue #1 of Narrow Gauge the Journal of the Puffing Billy Preservation Society. 
Found amongst a collection of transport ephemera."
D1.3512 on Route 19 this morning,25,https://i.redd.it/tr3qb9mayl3f1.jpeg,9,Fantastic_Key_6645,1748475145.0,It happens from time to time but it's somewhat notable because all the D1's are based at Malvern. Thought I'd take a shot because I'd never captured one before. 
Trains departing early from the stations,3,https://www.reddit.com/r/MelbourneTrains/comments/1ky3l1r/trains_departing_early_from_the_stations/,4,Typical_Library_8021,1748499339.0,"Most of the times v/line trains depart early from the drop-off stations.
I haven‚Äôt seen such happenings in case of metro although once when i was in early morning 5.49 service to mernda from sthn cross I noticed train departed one minute early from the most of the stations. 

Is this type of actions allowed for vline trains and metro trains too ? "
Im desperate for a train sign,2,https://www.reddit.com/r/MelbourneTrains/comments/1ky55g6/im_desperate_for_a_train_sign/,4,Internal_Champion619,1748505647.0,Who has any train sign and how much  will it cost 
Unclear information about disruptions by vline conductors,0,https://www.reddit.com/r/MelbourneTrains/comments/1ky7x1q/unclear_information_about_disruptions_by_vline/,7,Typical_Library_8021,1748516503.0,"Most of the times whenever disruptions happens in V/Line trains, v/line customer servo guys disappear from the vline platforms and when inside the train and suddenly disruptions occur due to which train couldnt move conductors usually go to hibernation period which is too strange. There is no information about the happenings. Whenever they speak up bout disruptions, they give so unclear information. Its the incident of today something major disrupting happened in north shore stn of geelong line and when conductor informed us he was himself not even clear in his words. I checked on X & vline app and got to know bout that disruption reason. Its so strange why do they do so. And the conductor was using the term ‚Äò south western line ‚Äò for geelong line which is unusual cuz most of the people dont understand that term why not simply use geelong line.  This type of behaviour somehow I think doesnt make vline a good operator for regional service imo. May be i am ranting too much but it is what it is. 
"
1955 Peninsula Bus Lines timetable.,57,https://www.reddit.com/gallery/1kxa5jk,5,Melb_Tom,1748413846.0,"I've been sorting through a collection of transport related items and thought I'd share some with you awesome peeps. 
"
Someone getting exposed at laverton station üíÄ,19,https://www.reddit.com/gallery/1kxd532,11,Infamous_Essay_6932,1748426094.0,Also I got to the station and realised all the buses are cancelled today üò≠
"The prophecy is being fulfilled, (Bins on plat 11 and 12)",53,https://i.redd.it/3rbh1yvc7g3f1.jpeg,7,deathreaper27_sec,1748405551.0,
Why are buses so trash ?,72,https://www.reddit.com/r/MelbourneTrains/comments/1kx1szf/why_are_buses_so_trash/,57,ComputerSad3837,1748387451.0,"explain to me why I‚Äôve just watched my bus come 7mins early, and now need to wait 25mins for the next one when it‚Äôs freezing and 9am in the morning. I might sound just stuck-up but surely running a reliable bus service is not that hard. "
Is it Too late for Doncaster in SRL stage 1,12,https://www.reddit.com/r/MelbourneTrains/comments/1kxb0x4/is_it_too_late_for_doncaster_in_srl_stage_1/,26,Top-Secret-7343,1748417331.0,"Hi guys just wondering if it's too late for Doncaster to be included in SRL stage  1 now?

I Completing understand that it would   cost extra and the geolical conditions are slightly challenging for engineering but for such a small expansion in tunneling distance, the outcome would be fantastic. Doncaster is  a busy and built up suburb that isn't connected in Melbournes metropolitan train network and despite being prioritised by busses, the trains are much needed. 

Sort of frustrating how so many projects in Melbourne have to get slightly dwindled down just to fit the budget. 




"
New subreddit logo,32,https://i.redd.it/uinh2zp5if3f1.jpeg,6,Toad4707,1748397075.0,
What is the worst Station on the Sunbury Line?,6,https://www.reddit.com/r/MelbourneTrains/comments/1kxc6uh/what_is_the_worst_station_on_the_sunbury_line/,28,True-Worldliness6411,1748422190.0,
"I'm having trouble getting my head around the New Sunshine Station ""superhub"" designs which seem illogical",60,https://www.reddit.com/gallery/1kwwuva,54,Coolidge-egg,1748375264.0,"Can you please help me out. Yes, I am having an autism moment. I am examining the track layout. 

[https://bigbuild.vic.gov.au/library/melbourne-airport-rail/fact-sheets/scope/first-stage-of-melbourne-airport-rail-gets-underway](https://bigbuild.vic.gov.au/library/melbourne-airport-rail/fact-sheets/scope/first-stage-of-melbourne-airport-rail-gets-underway)

I get it that bad decisions have been made over the decades to not future proof the design. Especially the Sunshine station upgrade 10 years ago for RRL. 

But even still, it is not adding up.

  
In 2022 they conducted an Albion flyover assessment:

[https://bigbuild.vic.gov.au/\_\_data/assets/pdf\_file/0009/701379/MAR-Albion-flyover-options-assessment.pdf](https://bigbuild.vic.gov.au/__data/assets/pdf_file/0009/701379/MAR-Albion-flyover-options-assessment.pdf)

They decided that the ground option (""Hybrid"") was not feasible, but this contains faulty assumptions that:

1. Albion station would not be rebuilt (now it is being rebuilt anyway) or be signalling changes ($2 billion is for a reason)

2. (with respect to road disruptions) Claims that Ballarat Rd will need to rebuilt, when in fact this bridge can stay as-is. I have checked it out and there is more than enough room for 2 extra tracks by either A. rebuilding Albion station closer to the Flour Mill to the West, or B. Rebuilding 50 metres South. In both cases, it will take away space for cars/trucks on the Ballarat Rd Service Road which goes under the bridge, and lose car parking. God forbid. 

3. That St Albans Rd would need a rebuild (could replace with a new road bridge alongside the old if it's so important, but only when Standard Gauge needs an upgrade to double-track)

4. That a flyover would be needed to get Sunbury tracks over to Sunshine Platform 1, which is simply not needed anymore given that 2 extra tracks and a platform is being build on the Western side of Sunshine, giving more options, including that Platforms 1-4 are going to be fully electrified anyway. 

So now we end up with a $2 billion project, which I am thrilled that something is actually being spent on rail, but in the most inefficient manner possible making rail look more expensive than it needs to be, because they are building a pointless but extravagant Albion flyover when all they need to do is swap the Airport and Sunbury lines position going into Sunshine station.

  
The Albion flyover should be cancelled.

If more money was to be spent on this project, it would be better spent on either replacing Hampshire Road bridge, or rebuilding Sunshine station from scratch north of Hampshire Road, giving it enough space to have dedicated platforms for Wyndham Vale/Geelong, Melton, Sunbury/Ballarat, Airport, Standard Gauge (5 platform pairs total, currently there are 2, proposed to be 3). 

  
Bonus: Tottenham station would be unserved until Melton Electrification under the current proposal. Flipping Sunbury/Airport will keep Tottenham station serviced by Sunbury trains until Melton is ready, without having to add an extra stop to airport trains (which are supposed to get PAX to the airport as fast as possible) or running shuttles/replacements. "
Sunshine station upgrade and SRL West,20,https://www.reddit.com/r/MelbourneTrains/comments/1kx30jf/sunshine_station_upgrade_and_srl_west/,18,SirPepperMint,1748390837.0,"The srl west map on the big build website (https://bigbuild.vic.gov.au/projects/suburban-rail-loop/srl-west) shows a new connection between sunshine and Werribee, but the new sunshine station map has no platform (or future connections) leading to Werribee."
Why is this image not more common when talking about the SRL,290,https://i.redd.it/6ygf9lofk83f1.png,75,vp787,1748313307.0,The redevelopment of the area around SRL stations into high density urban is one of the biggest parts of this project but neither the Big Builds website nor news talking about it really focus on it. And if it's mentioned it's mentioned as an afterthought
CDC strike tomorrow,43,https://i.redd.it/3trokwvfma3f1.png,18,No_Permit_9737,1748337981.0,
About time google you‚Äôve added a separate replacement bus option,77,https://i.redd.it/c8j0k1s0j93f1.jpeg,9,predictableghost,1748324725.0,
"Let's Settle This Finally, Which N Class Livery Was The Best",87,https://www.reddit.com/gallery/1kwcslv,44,sushisushi09,1748314468.0,
Rockbank Station (Every Weekday Morning) - MELTON LINE,103,https://v.redd.it/69n6jt64f73f1,86,ParticularParsnip435,1748299199.0,"The electrification of this line must happen immediately, alongside the Sunshine super build.

With growing demands on public transport, people with disabilities, elderly passengers, and those with prams often miss their trains or are left standing because priority seats are occupied.

I hope the premier sees this message and shares it publicly, just as she did previously."
Does anyone know if there are plans for level crossing removal on the mernda line?,8,https://www.reddit.com/r/MelbourneTrains/comments/1kwl762/does_anyone_know_if_there_are_plans_for_level/,31,Parisienamelbourne,1748346457.0,Presumably this would be required for the proposed Metro 2 connection into the Mernda line too.
Free travel to CBD before 7am and the Munnel.,16,https://www.reddit.com/r/MelbourneTrains/comments/1kwgnuf/free_travel_to_cbd_before_7am_and_the_munnel/,18,Kapitalgal,1748328463.0,"Hey, with having to swap trains at Town Hall for Flinders to Southern Cross, do you think I'll need to get an earlier train to take advantage of the before 7am free train travel? Do we have any idea how much extra time the Munnel will add over all? 

For obvious reasons, I don't want to discuss my daily travel in more depth, but I have grown accustomed to my schedule and routine, plus the savings yearly. So, kind of keen to honour my Aspie desire to know ASAP about the changes. "
Public transport photos from ten years ago: May 2015 (and twenty years ago too),29,https://wongm.com/2025/05/photos-from-ten-years-ago-may-2015/,4,wongm,1748308094.0,
Does anyone know the exact reason why the B class trams don‚Äôt run on the route 57/82?,17,https://www.reddit.com/r/MelbourneTrains/comments/1kwdm59/does_anyone_know_the_exact_reason_why_the_b_class/,13,Blue1206,1748317176.0,"I‚Äôve always been curious about this, the common answer I hear is that they cannot make it past the tight curves, but they go past the curve near Caulfield station on route 3 which is tighter than anything on 57/82. Seems weird to me"
Watergardens - parking mess just got worse - again,0,https://i.redd.it/pubm7xbhre3f1.jpeg,15,Successful-Studio227,1748388414.0,"Someone doesn't get it, Car Parks for Commuters project works, up to 50 spaces will be closed from 27 May to Mid September 2025, just to put a bit of paint down at the Watergardens station's Sydenham side. We need a whole new station, as they keep building thousands new homes, not this shit.  
[https://www.ptv.vic.gov.au/disruptions/disruptions-information/article/sunbury-line-stations-temporary-car-park-closures-at-select-times-from-january-15-2023-to-early-february-2025](https://www.ptv.vic.gov.au/disruptions/disruptions-information/article/sunbury-line-stations-temporary-car-park-closures-at-select-times-from-january-15-2023-to-early-february-2025)"
Metro meme,229,https://i.redd.it/nr4fyutjj33f1.jpeg,32,GuiltySpen,1748252262.0,Thought yall would find this funny credit @ihatethextrapolis100train on Instagram
PTV API - is it unreliable?,3,https://www.reddit.com/r/MelbourneTrains/comments/1kwi820/ptv_api_is_it_unreliable/,3,mopoke,1748335059.0,"I've been playing around with the PTV API to get realtime departure information for my local station. It mostly works ok but sometimes it comes up with really strange results.

Like right now, at 6:30pm, where it says the next 5 departures to the city are at 7:28pm, 9:10pm, 9:30pm, 10:10pm and 10:30pm. Looking at the PTV app it flicks around - when I first load it, it says the next is at 7:38pm then suddenly a 6:38pm, 6:48pm, 6:58pm, etc appear. Meantime, on the PTV departures page it matches the data I am getting back from the API (first at 7:28pm then 9:10pm, etc). 

Is it just a glitch? Looking at my dashboard every so often I notice oddities like this where the next departure isn't for a long time. Is there a more reliable way to get data?"
Walkway distance between Melbourne Central and State Library,20,https://www.reddit.com/r/MelbourneTrains/comments/1kw6cef/walkway_distance_between_melbourne_central_and/,4,Zombozard,1748295564.0,"For my morning commute, I currently take the Sunbury line train through the loop, and change at Parliament for the Mernda line. That will obviously need to change once the metro tunnel is open. I'm thinking I will now need to get off at State Library and walk across to MC. Have they said how long this change should roughly take? 

My other option is taking the Werribee/Williamstown line to Flinders and change there to go back through the loop, but I feel this will take even longer"
So what happens to this big chunk of land?,143,https://i.redd.it/sgzxqg0y033f1.jpeg,75,Subject_Shoulder,1748246004.0,"When I casually look at Melbourne on Google Maps, I can't help but think that the outer western section (which is essentially a triangle consisting of Bacchus Marsh, Deer Park and Geelong as the main points on the triangle) is going to be developed one day. Whether it's within 50 years or 100 years, to me it's size is approximately equal to the area of what Western Melbourne is now.

In terms of its development, have there been any studies as to how this area should be developed? To me, its effectively the size of a small city that could hold 1 - 2 million people. I mean, if it's just going to one flat mass of (mostly) single story urban sprawl, with no rail transport, its just going to be a nightmare to navigate through if they simply stick with road transport. Or maybe we're betting on flying cars to save the day?"
R711 Stranded In Geelong,4,https://www.reddit.com/r/MelbourneTrains/comments/1kwco3j/r711_stranded_in_geelong/,9,Accurate_Parsnip7266,1748314061.0,"Does anyone know what the fate or R711 is to be? I'm assuming since it's been stranded at the Thompsons Rd Level crossing for over a week that the repairs to get it rolling back to Newport must be worse then thought. 

Will Steamrail resort to using cranes and Heavy haul transport to take the engine and tow the tender back? Or is it still the plan to repair in place?"
Major Victorian bus driver strike to halt network,56,https://www.busnews.com.au/major-victorian-bus-driver-strike-to-halt-network/,19,mike_a_oc,1748251046.0,
Help with survey for VCE,4,https://www.reddit.com/r/MelbourneTrains/comments/1kw8ruj/help_with_survey_for_vce/,4,azzywazzydingle,1748302140.0,"Hi everyone, the survey takes under 5 minutes to do, it is about the Suburban Railway Loop, focusing on the east part currently being built, which is expected to be finished by 2029. Any data is anonmyous and responses are greatly appreciated.

[https://forms.gle/JiYCq6ygiMrqeejQA](https://forms.gle/JiYCq6ygiMrqeejQA)"
Singapore‚Äôs ComfortDelGro will bid for Melbourne‚Äôs rail line as it takes its public transport model global,69,https://fortune.com/asia/2025/05/25/comfortdelgro-bid-melbourne-rail-line/,42,Urbanistau,1748235942.0,"
"
"‚ÄúNew readers, same Myki‚Äù",58,https://i.redd.it/g95udfg0i23f1.jpeg,21,jor_kent1,1748239637.0,
What will the platform layout be like for South Yarra when the metro tunnel opens?,29,https://www.reddit.com/r/MelbourneTrains/comments/1kvnk53/what_will_the_platform_layout_be_like_for_south/,21,sheepo209,1748241076.0,"I assume with the blue line now going through the Metro Tunnel, two platforms will no longer be in use? "
Back to back PIDs at Southern Cross look different,22,https://www.reddit.com/gallery/1kvnelm,9,Recent_Carpenter8644,1748240489.0,Why is the layout for these PIDs at the north end of platform 13/14 at Southern Cross so different? I would have assumed they'd have the same source and look exactly the same.
Why is the scope for the Sunshine station upgrade so extensive?,27,https://www.reddit.com/r/MelbourneTrains/comments/1kvlekt/why_is_the_scope_for_the_sunshine_station_upgrade/,27,Kata-cool-i,1748233090.0,"I suppose my question is two-fold:

1) Why is there a need for 6 platforms? It seems that 4 of these platforms will be used by trains traveling into the metro tunnel, which means they will converge onto the same line and platforms at Tottenham anyway.

2) supposing there is a need for 4 metropolitan platforms, why do the sunbury and airport tracks split on the 'wrong' side of eachother? in the diagrams I've seen, it's made clear a flyover would be needed to get the airport tracks over the sunbury tracks between Sunshine and Albion."
Long exposures? Yes,191,https://www.reddit.com/gallery/1kv3uq9,21,RyanZ225_PC,1748183240.0,Lets wait for an angry comment üòÖ
Thoughts on more Mernda LXRP,17,https://www.reddit.com/gallery/1kviah3,31,altandthrowitaway,1748222636.0,There's still quite a few LX from Merri to Thornbury. Thoughts on extending the Skyrail?
please explain,0,https://www.reddit.com/r/MelbourneTrains/comments/1kwd1iv/please_explain/,28,Britboy7,1748315256.0,"hi  im abit stumped by why the hitachi silver trains the one with the push down windows were taken off

  
the train not the windows that was taken off im referring too

i mean they were the only trains that could handle the heat not brake down etc so  and does anyone think mildura will get there train back"
"Hi I'm a student looking for anyone who is interested in filling out a survey regarding the Suburban Rail Loop project, thank you so much",10,https://www.reddit.com/r/MelbourneTrains/comments/1kvivbh/hi_im_a_student_looking_for_anyone_who_is/,4,True_Comfortable8478,1748224575.0,"Any responses would be greatly appreciated, thanks everyone.

[https://docs.google.com/forms/d/e/1FAIpQLSdsY3gPy8j72yjkKf4AUZ7WaV3DfF062K21R9C2faDfjsdiqA/viewform?usp=header](https://docs.google.com/forms/d/e/1FAIpQLSdsY3gPy8j72yjkKf4AUZ7WaV3DfF062K21R9C2faDfjsdiqA/viewform?usp=header)"
Why did Alstom make a new Vlocity model?,68,https://www.reddit.com/gallery/1kv1sx5,23,Fantastic-Hair1554,1748177528.0,"I get they maybe created a more modern design to make it look more ‚Äúmodern‚Äù but is there any other difference compared to the Bombardier Vlocity? I know that the front design was made with newer headlights and stuff and for ‚Äúcrash worthiness‚Äù but anything else? 

Was the more slanted front design for aerodynamics as well or what?

(Alstom Vlocity, first pic)
(Bombardier Vlocity, second pic)"
Some pictures I took,38,https://www.reddit.com/gallery/1kuz8r3,5,Makamanion,1748168246.0,
Diamond Creek level crossing removal?,0,https://www.reddit.com/r/MelbourneTrains/comments/1kvhk2f/diamond_creek_level_crossing_removal/,27,MushroomSpiritual666,1748220240.0,Anyone got information if Transport Victoria/LRXP are actually investigating the removal of the level crossing at Diamond Creek?
This is going to bust somebody‚Äôs neck out someday - at Box Hill Bus Hub escalators,46,https://www.reddit.com/gallery/1kus1sw,11,OddEmu4551,1748140084.0,
Bus extension + talk about how buses could be improved.,14,https://www.reddit.com/r/MelbourneTrains/comments/1kuxom6/bus_extension_talk_about_how_buses_could_be/,8,Silent_Ad379,1748161717.0,"The 697 bus should be permanently extended to Narre Warren. It already has a Thursday only service that runs to Narre Warren. It doesn't stop at some of the stops within the local streets of Belgrave south, but this can be fixed by it doing U turn on the local roundabout. A few new stops should be added but not too many to keep travel times low.

Buses should be a major part of our network as they are cheaper and more flexible than trains or trams while still taking people off our roads. Buses should both connect towns with other towns and connect then with themselves. Sometimes buses want to be both like the 381 Mernda to Diamond Creek which may cause frustration with people who just want to hop over train lines.

Here I'll say something a little controversial, some bus routes, especially those ones connecting towns together, stop a little too frequently. I once went on the 901 bus and it was a miserable experience. Not just because it smelled like piss but also because it stopped every 300 to 400 metres across a straight road making it so the bus never really got up to a reasonable speed even while using the dedicated bus lane. Buses should be a competitive alternative to cars and having to take a 1.5 hour bus ride that would take 20 minutes by car isn't really setting a good standard.

Also another thing they should do with buses is to remove the ""tap on and tap off"" system and making it one singular tap this would help incentivise people to actually tap when taking the bus as imo having to tap twice on something as cramp as a bus is way to inconvenient for the average traveller and most don't tap at all. Idk if this will change how transfers work but I think it's necessary just to make the bus experience less cumbersome.

What are some extension or even wholly new bus routes you'd want? Or other improvements you'd want for the bus network?"
Could you please fill out a survey for me?,0,/r/vce/comments/1kvj262/could_you_please_fill_out_a_survey_for_me/,2,External-Horror-1913,1748227564.0,
Swanston Street tram stop,6,https://v.redd.it/via2q9kmpw2f1,3,Fluid-Island-2018,1748169578.0,"Was waiting for the 67 home, and decided to take a short video. Took it last night"
Lemon Comeng dragged (5000th post here about the evie comeng) ü•Äü•Äü•Äü•Ä,147,https://i.redd.it/s63hxc8uer2f1.jpeg,25,RyanZ225_PC,1748105397.0,"Evie Comeng, or Lemeng as I like to call it. Get off at Macaulay and walk for about 6-10 minutes. Trust me, you‚Äôll want to cross the road to get to the siding and not go under the bridge as theres a drunk troll living under there and looks like theres a massive puddle of probably his alcohol! I almost died! 

Shoutout to the old person who tried to sit ON ME on the train here btw ü•Äü•Ä"
First time night networking,77,https://i.redd.it/vlksdtjprq2f1.jpeg,25,predictableghost,1748097617.0,No I didn‚Äôt wait that long just got off the last train
What happens if you accidentally ride a not in service train?,70,https://www.reddit.com/r/MelbourneTrains/comments/1kudmas/what_happens_if_you_accidentally_ride_a_not_in/,39,Taunthom,1748098842.0,I presume nothing happens 
post-munnel network map,66,https://i.redd.it/boczoit8rp2f1.png,19,Electrical_Slice_201,1748085990.0,"here is my sloppy little impression of the network map after the metro tunnel opens. 

as far as i have seen there was not a post-munnel map in the same style as the current network map, except for the concept map from back in 2018, which isn't quite accurate anymore, so i made one! just let me know if i got anything wrong

the weird frankston line crossover near south yarra isn't really right but i couldn't be stuffed to rearrange the all the city loop tunnels

i also couldn't be bothered to rewrite the legend that's normally on the map so i just left it out

made with professional editing software \~google slides\~

p.s. sorry skybus"
Digital bus stop screen removed. Why?,123,https://www.reddit.com/gallery/1ku6552,45,altandthrowitaway,1748072623.0,"About a year ago there was a digital bus timetable on Lonsdale St. I walked past the other day and saw it is no longer there. At first I thought I was going crazy misremembering, but I found a photo of the digital one from when I first saw it installed.

I wonder why it was removed and if there's any plans to put it back."
Entering Metro Tunnel at Sunset,92,https://v.redd.it/y3i6nruoho2f1,4,Jimbo_101,1748070047.0,
Saturday 24-05-2025 @ South Kensington,80,https://v.redd.it/xsvcpwpcjo2f1,12,s2art,1748070829.0,"Spent a few minutes watching the traffic at South Kensington today. Might go back tomorrow with more kit.

There was a spotter on the end of the platform that was watching for people running across the tracks!"
I drew some trains I like - pin version!,95,https://www.reddit.com/gallery/1ku2tun,16,ToonAlaska,1748059579.0,"I feel like the rainy day yesterday was perfect Melbourne weather :P
I updated some of my designs after feedback from lovely fellow train enthusiasts - now they're perfect (In my opinion anyways)! "
Zoo Comeng's,53,https://www.reddit.com/gallery/1ku52ad,2,sushisushi09,1748068147.0,I can say that 379m very much enjoyed watching the giraffes at the zoo 
"MYKI unused, new",7,https://www.reddit.com/r/MelbourneTrains/comments/1kucy65/myki_unused_new/,14,Efficient-Yam5767,1748097011.0,"Visiting Melbourne for 4 days. I talked to the customer service at Southern Cross and got to know that you can't use bank cards. So I got four cards with $11 balance each. But now I have figured that i could simply stay in the free tram zone and escape those costs. 

I think the $11 balance can be refunded. Is there any chance to get the $6 card fee as well?

If i go back to Southern Cross customer care, would they refund me on spot there? "
The best thing to happen,226,https://i.redd.it/tg0l1vfcnh2f1.jpeg,12,Evathetransfem,1747987187.0,My least favourite part about southern cross is now being solved 
Never seen this before for steam rail,866,https://i.redd.it/7gc71k2qef2f1.jpeg,20,No_Permit_9737,1747960075.0,
A week and a minor difference,116,https://www.reddit.com/gallery/1ktf46p,22,Weird_Soup_8874,1747991911.0,"Comeng Alstom 585M shunting into Macaulay in metro colours last Monday and the same set returning in new Infra colours

19/05 and 23/05"
it's real,492,https://i.redd.it/ux2eu2q1mf2f1.jpeg,65,purpletender,1747962554.0,
Greensborough Main St Bus PID is glitched.,3,https://www.reddit.com/gallery/1ku1fhv,4,Nightrain_35,1748054791.0,"Photo was taken at 12:41pm, proof is one  second picture "
Today provided a cruel reminder that I should just buy a car.,90,https://www.reddit.com/r/MelbourneTrains/comments/1ktcvpd/today_provided_a_cruel_reminder_that_i_should/,49,stoic_slowpoke,1747982333.0,"I stand here at the corner of Toorak and Burke in the rain waiting for the 72 and now have to come up with an alternative plan as a track fault means that there is no confirmation of when they will resume.

How can we claim to have a functioning PT system when even mild weather brings it down and those of us who depend on it have to scrape for alternatives.

Edit: walked to Gardiner so that I could at least have options/shelter to re-evaluate, but the lady at the stop was not so physically able and just had to stick it out."
G Class Tram,100,https://www.reddit.com/gallery/1ktb7ig,23,Legitimate-Carry-215,1747975799.0,G Class out of the factory and on the track at Alstom Dandenong.
Disruptions to Cran / Pak this weekend,0,https://www.reddit.com/r/MelbourneTrains/comments/1ku770c/disruptions_to_cran_pak_this_weekend/,23,bradafied_,1748077128.0,"EDIT: should say planned works, not a disruption. 

I‚Äôve been overseas for a month and returned yesterday. Strolled to my local station today to partake in my ritual of hope and despair (attending a Carlton game) and was greeted with trains only to Caulfield. 

Signage at the station tells me there is NO disruptions this weekend. I would say no trains between Caulfield and the City IS a disruption. Just because we can switch at Caulfield, that doesn‚Äôt mean the service is the same, especially when Metro don‚Äôt bother putting in more services on the cross city line to account for a whole lines patronage getting on board.

Having been away, I‚Äôm sure I missed some announcements on the trains during the week, but the signage is very clear that it‚Äôs all good this weekend when it‚Äôs not. There are 3 AFL games on today, all with staggers start times along with the usual weekend patronage so making decisions about how to travel based on accurate information is vital."
How will SRL Trains travel?,11,https://www.reddit.com/r/MelbourneTrains/comments/1ktlf57/how_will_srl_trains_travel/,20,Graceful_Parasol,1748011663.0,"On the eventual completion of SRL EAST in 2035 will trains go from Cheltenham all the way to Box hill, furthermore, when the line eventually extends could I reliably get a service from Heidelberg to Monash, if so this project will help immensely. Just curious on specifics. Thanks! "
What is this funky yellow train cursed to never be in service?,146,https://i.redd.it/jeub7wek8f2f1.jpeg,28,cuntmong,1747958011.0,
Any way I can grab one of the old myki readers being decommissioned?,7,https://www.reddit.com/r/MelbourneTrains/comments/1ktjumy/any_way_i_can_grab_one_of_the_old_myki_readers/,8,spaglemon_bolegnese,1748007654.0,"I'm interested in experimenting with the computers in the myki readers but I can't just pull one off a tram or station. With the current upgrades going on, does anyone have any idea who/where I could contact about getting my hands on any myki readers?"
What‚Äôs happened to the Hurstbridge,10,https://www.reddit.com/r/MelbourneTrains/comments/1ktgmc1/whats_happened_to_the_hurstbridge/,5,predictableghost,1747997847.0,Says vandalism but what got Vandalised? Must be big as it‚Äôs been for a while now?
Why so many escalator repairs ?,26,https://v.redd.it/90qdzmrzpg2f1,10,ComputerSad3837,1747975981.0,"I‚Äôve seen so many escalators being repairs usually only in city, why ? 
And also this escalator shut on me whilst I was going down. "
Myth: Park-and-Ride will encourage public transport use,33,https://www.ptua.org.au/myths/parkride/,122,djrobstep,1747970684.0,
How do the Destination Displays on trains work?,6,https://www.reddit.com/r/MelbourneTrains/comments/1ktggvz/how_do_the_destination_displays_on_trains_work/,7,hugh1243,1747997284.0,I‚Äôve noticed in Sydney that almost anything can be programmed or typed into the destination displays (such as ‚Äúmerry xmas‚Äù or ‚ÄúGo sharks‚Äù). Are custom messages possible in Melbourne? Or do the displays simply not support this? Cheers 
Craigie disruption,7,https://i.redd.it/p1bf1z07ei2f1.jpeg,2,Typical_Library_8021,1747996228.0,"Strange ! 
Equipment fault in cranbourne caused minor delays in craigie line ü§≠"
Steamrail Ballarat Transfer rounds North Geelong Curve (3 mins 31 sec),19,https://v.redd.it/ezujetxxag2f1,0,absinthebabe,1747971329.0,"Consist is A2 986, K Class, VZVF Water Tank, 7 passenger cars + 4 crew cars, Open Wagon (carrying coal), T class diesel. "
"How effective has the ""Regional Rail Revival"" project been?",18,https://www.reddit.com/r/MelbourneTrains/comments/1kt954m/how_effective_has_the_regional_rail_revival/,10,Silent_Ad379,1747968791.0,"It's a bit difficult to determine the impact of this project for someone who isn't correctly affected by it. 

Also what other things would you do if you could influence this project?"
Casual Friday,28,https://i.redd.it/oabc773tve2f1.jpeg,7,ballpandong,1747953711.0,Proof that Melbourne is real cold.
Container Loco Qube @Richmond,10,https://www.reddit.com/gallery/1kt9v6m,2,iuyg88i,1747971160.0,"Saw this bad boy at Richmond today.. was so slow felt like hitching a ride on it and it also stopped for a bit.. lovely !!!!!

As of 1:31 PM it‚Äôs still standing on platform 5!!"
When will the Xtrapolis 2 start testing on other lines?,0,https://www.reddit.com/r/MelbourneTrains/comments/1ktjfcn/when_will_the_xtrapolis_2_start_testing_on_other/,12,NecessaryRealistic76,1748006469.0,
Dangerous train stations?,0,https://www.reddit.com/r/MelbourneTrains/comments/1ktvns2/dangerous_train_stations/,17,404_Piano,1748037177.0,Are there any train stations I should avoid getting on or off at simply because they are considered dangerous for any reason?
Progress update 2 on the SRL East Project at the Burwood site,146,https://i.redd.it/1keq1cc3za2f1.jpeg,27,melbtransport,1747906540.0,"This is the second update on the Burwood site on the Suburban rail loop project. 

Source: https://x.com/suburbanloop/status/1925433262979350895/photo/2. 

As a comparison, here's how it looked 8 months ago: https://www.reddit.com/r/MelbourneTrains/comments/1fnfbtz/progress\_update\_on\_the\_srl\_east\_project\_at\_the/. "
Munnel poster in one of the Werribee replacement buses,106,https://i.redd.it/0disqq7rhb2f1.jpeg,10,PeppermintSoda,1747912669.0,what üò≠üò≠
this can‚Äôt be real,316,https://i.redd.it/6ghzj3mi992f1.jpeg,53,encxid,1747885697.0,bin installation on platform 9/10 i also saw there is gonna be one on platform 11/12
The heating on the trains is overkill,101,https://www.reddit.com/r/MelbourneTrains/comments/1kslw08/the_heating_on_the_trains_is_overkill/,33,Soft_Cartographer455,1747903765.0,"I get it, it‚Äôs gotten cold outside, but do we need to travel inside a greenhouse every day? 

We‚Äôre all dressed for the weather anyway ‚Äî there‚Äôs got to be a happy medium where I don‚Äôt feel like I need to strip down to the basics so I don‚Äôt faint. "
